Seed,Ratio Test,K,Accuracy
0,0.1,3,0.8125
0,0.1,5,0.8125
0,0.1,7,0.8125
0,0.2,3,0.65625
0,0.2,5,0.65625
0,0.2,7,0.625
0,0.25,3,0.675
0,0.25,5,0.675
0,0.25,7,0.65
0,0.3,3,0.7291666666666666
0,0.3,5,0.7083333333333334
0,0.3,7,0.7083333333333334
1,0.1,3,0.25
1,0.1,5,0.3125
1,0.1,7,0.3125
1,0.2,3,0.4375
1,0.2,5,0.40625
1,0.2,7,0.46875
1,0.25,3,0.5
1,0.25,5,0.475
1,0.25,7,0.525
1,0.3,3,0.5
1,0.3,5,0.5208333333333334
1,0.3,7,0.5416666666666666
2,0.1,3,0.6875
2,0.1,5,0.75
2,0.1,7,0.75
2,0.2,3,0.71875
2,0.2,5,0.71875
2,0.2,7,0.75
2,0.25,3,0.625
2,0.25,5,0.65
2,0.25,7,0.675
2,0.3,3,0.625
2,0.3,5,0.625
2,0.3,7,0.6875
3,0.1,3,0.6875
3,0.1,5,0.6875
3,0.1,7,0.6875
3,0.2,3,0.71875
3,0.2,5,0.71875
3,0.2,7,0.75
3,0.25,3,0.675
3,0.25,5,0.7
3,0.25,7,0.7
3,0.3,3,0.6875
3,0.3,5,0.6875
3,0.3,7,0.6875
4,0.1,3,0.4375
4,0.1,5,0.5625
4,0.1,7,0.6875
4,0.2,3,0.59375
4,0.2,5,0.5625
4,0.2,7,0.625
4,0.25,3,0.675
4,0.25,5,0.625
4,0.25,7,0.65
4,0.3,3,0.6666666666666666
4,0.3,5,0.6666666666666666
4,0.3,7,0.6458333333333334
5,0.1,3,0.6875
5,0.1,5,0.8125
5,0.1,7,0.8125
5,0.2,3,0.71875
5,0.2,5,0.75
5,0.2,7,0.78125
5,0.25,3,0.675
5,0.25,5,0.7
5,0.25,7,0.725
5,0.3,3,0.6666666666666666
5,0.3,5,0.7083333333333334
5,0.3,7,0.7291666666666666
6,0.1,3,0.4375
6,0.1,5,0.5625
6,0.1,7,0.5625
6,0.2,3,0.53125
6,0.2,5,0.5
6,0.2,7,0.5625
6,0.25,3,0.55
6,0.25,5,0.55
6,0.25,7,0.625
6,0.3,3,0.6458333333333334
6,0.3,5,0.5625
6,0.3,7,0.6458333333333334
7,0.1,3,0.5
7,0.1,5,0.5625
7,0.1,7,0.5
7,0.2,3,0.59375
7,0.2,5,0.65625
7,0.2,7,0.65625
7,0.25,3,0.6
7,0.25,5,0.675
7,0.25,7,0.675
7,0.3,3,0.625
7,0.3,5,0.6666666666666666
7,0.3,7,0.7291666666666666
8,0.1,3,0.625
8,0.1,5,0.625
8,0.1,7,0.6875
8,0.2,3,0.5625
8,0.2,5,0.59375
8,0.2,7,0.625
8,0.25,3,0.625
8,0.25,5,0.625
8,0.25,7,0.65
8,0.3,3,0.625
8,0.3,5,0.6458333333333334
8,0.3,7,0.6875
9,0.1,3,0.5
9,0.1,5,0.5625
9,0.1,7,0.5
9,0.2,3,0.625
9,0.2,5,0.625
9,0.2,7,0.625
9,0.25,3,0.6
9,0.25,5,0.6
9,0.25,7,0.6
9,0.3,3,0.6041666666666666
9,0.3,5,0.5833333333333334
9,0.3,7,0.5833333333333334
10,0.1,3,0.6875
10,0.1,5,0.6875
10,0.1,7,0.75
10,0.2,3,0.625
10,0.2,5,0.65625
10,0.2,7,0.6875
10,0.25,3,0.65
10,0.25,5,0.675
10,0.25,7,0.7
10,0.3,3,0.6458333333333334
10,0.3,5,0.7291666666666666
10,0.3,7,0.7291666666666666
11,0.1,3,0.5
11,0.1,5,0.6875
11,0.1,7,0.625
11,0.2,3,0.5625
11,0.2,5,0.625
11,0.2,7,0.59375
11,0.25,3,0.625
11,0.25,5,0.7
11,0.25,7,0.65
11,0.3,3,0.6458333333333334
11,0.3,5,0.7083333333333334
11,0.3,7,0.6875
12,0.1,3,0.4375
12,0.1,5,0.5
12,0.1,7,0.4375
12,0.2,3,0.5625
12,0.2,5,0.625
12,0.2,7,0.5625
12,0.25,3,0.6
12,0.25,5,0.675
12,0.25,7,0.6
12,0.3,3,0.5833333333333334
12,0.3,5,0.6666666666666666
12,0.3,7,0.5833333333333334
13,0.1,3,0.1875
13,0.1,5,0.5625
13,0.1,7,0.5
13,0.2,3,0.5
13,0.2,5,0.59375
13,0.2,7,0.625
13,0.25,3,0.5
13,0.25,5,0.55
13,0.25,7,0.65
13,0.3,3,0.5416666666666666
13,0.3,5,0.5833333333333334
13,0.3,7,0.6666666666666666
14,0.1,3,0.5625
14,0.1,5,0.625
14,0.1,7,0.5625
14,0.2,3,0.53125
14,0.2,5,0.5625
14,0.2,7,0.59375
14,0.25,3,0.575
14,0.25,5,0.65
14,0.25,7,0.65
14,0.3,3,0.6041666666666666
14,0.3,5,0.625
14,0.3,7,0.6041666666666666
15,0.1,3,0.6875
15,0.1,5,0.6875
15,0.1,7,0.6875
15,0.2,3,0.59375
15,0.2,5,0.625
15,0.2,7,0.6875
15,0.25,3,0.65
15,0.25,5,0.65
15,0.25,7,0.7
15,0.3,3,0.6041666666666666
15,0.3,5,0.625
15,0.3,7,0.6458333333333334
16,0.1,3,0.5625
16,0.1,5,0.375
16,0.1,7,0.5
16,0.2,3,0.5625
16,0.2,5,0.5625
16,0.2,7,0.625
16,0.25,3,0.525
16,0.25,5,0.6
16,0.25,7,0.625
16,0.3,3,0.5416666666666666
16,0.3,5,0.6041666666666666
16,0.3,7,0.625
17,0.1,3,0.6875
17,0.1,5,0.6875
17,0.1,7,0.5625
17,0.2,3,0.53125
17,0.2,5,0.625
17,0.2,7,0.625
17,0.25,3,0.6
17,0.25,5,0.625
17,0.25,7,0.625
17,0.3,3,0.6041666666666666
17,0.3,5,0.6458333333333334
17,0.3,7,0.6458333333333334
18,0.1,3,0.5625
18,0.1,5,0.5
18,0.1,7,0.5625
18,0.2,3,0.65625
18,0.2,5,0.625
18,0.2,7,0.59375
18,0.25,3,0.575
18,0.25,5,0.575
18,0.25,7,0.625
18,0.3,3,0.625
18,0.3,5,0.6041666666666666
18,0.3,7,0.6458333333333334
19,0.1,3,0.75
19,0.1,5,0.625
19,0.1,7,0.6875
19,0.2,3,0.65625
19,0.2,5,0.65625
19,0.2,7,0.6875
19,0.25,3,0.6
19,0.25,5,0.6
19,0.25,7,0.675
19,0.3,3,0.6458333333333334
19,0.3,5,0.6458333333333334
19,0.3,7,0.6458333333333334
20,0.1,3,0.75
20,0.1,5,0.75
20,0.1,7,0.875
20,0.2,3,0.65625
20,0.2,5,0.71875
20,0.2,7,0.75
20,0.25,3,0.65
20,0.25,5,0.625
20,0.25,7,0.675
20,0.3,3,0.6458333333333334
20,0.3,5,0.6666666666666666
20,0.3,7,0.6875
21,0.1,3,0.4375
21,0.1,5,0.5
21,0.1,7,0.5
21,0.2,3,0.5
21,0.2,5,0.59375
21,0.2,7,0.59375
21,0.25,3,0.55
21,0.25,5,0.625
21,0.25,7,0.625
21,0.3,3,0.5208333333333334
21,0.3,5,0.5625
21,0.3,7,0.625
22,0.1,3,0.4375
22,0.1,5,0.5625
22,0.1,7,0.5
22,0.2,3,0.65625
22,0.2,5,0.65625
22,0.2,7,0.59375
22,0.25,3,0.6
22,0.25,5,0.675
22,0.25,7,0.675
22,0.3,3,0.6458333333333334
22,0.3,5,0.6875
22,0.3,7,0.7083333333333334
23,0.1,3,0.75
23,0.1,5,0.6875
23,0.1,7,0.6875
23,0.2,3,0.6875
23,0.2,5,0.71875
23,0.2,7,0.6875
23,0.25,3,0.675
23,0.25,5,0.75
23,0.25,7,0.725
23,0.3,3,0.6666666666666666
23,0.3,5,0.75
23,0.3,7,0.75
24,0.1,3,0.5
24,0.1,5,0.5625
24,0.1,7,0.625
24,0.2,3,0.53125
24,0.2,5,0.59375
24,0.2,7,0.65625
24,0.25,3,0.55
24,0.25,5,0.6
24,0.25,7,0.65
24,0.3,3,0.6041666666666666
24,0.3,5,0.625
24,0.3,7,0.6458333333333334
25,0.1,3,0.375
25,0.1,5,0.5
25,0.1,7,0.4375
25,0.2,3,0.53125
25,0.2,5,0.59375
25,0.2,7,0.53125
25,0.25,3,0.6
25,0.25,5,0.65
25,0.25,7,0.6
25,0.3,3,0.6666666666666666
25,0.3,5,0.6666666666666666
25,0.3,7,0.6875
26,0.1,3,0.5
26,0.1,5,0.75
26,0.1,7,0.625
26,0.2,3,0.53125
26,0.2,5,0.75
26,0.2,7,0.65625
26,0.25,3,0.55
26,0.25,5,0.725
26,0.25,7,0.625
26,0.3,3,0.6041666666666666
26,0.3,5,0.7083333333333334
26,0.3,7,0.625
27,0.1,3,0.5625
27,0.1,5,0.6875
27,0.1,7,0.5625
27,0.2,3,0.625
27,0.2,5,0.71875
27,0.2,7,0.65625
27,0.25,3,0.675
27,0.25,5,0.65
27,0.25,7,0.675
27,0.3,3,0.6875
27,0.3,5,0.6666666666666666
27,0.3,7,0.6875
28,0.1,3,0.6875
28,0.1,5,0.8125
28,0.1,7,0.75
28,0.2,3,0.71875
28,0.2,5,0.78125
28,0.2,7,0.78125
28,0.25,3,0.675
28,0.25,5,0.725
28,0.25,7,0.725
28,0.3,3,0.6875
28,0.3,5,0.7083333333333334
28,0.3,7,0.7291666666666666
29,0.1,3,0.625
29,0.1,5,0.6875
29,0.1,7,0.75
29,0.2,3,0.65625
29,0.2,5,0.78125
29,0.2,7,0.78125
29,0.25,3,0.7
29,0.25,5,0.8
29,0.25,7,0.75
29,0.3,3,0.6666666666666666
29,0.3,5,0.7708333333333334
29,0.3,7,0.7291666666666666
30,0.1,3,0.5625
30,0.1,5,0.625
30,0.1,7,0.5
30,0.2,3,0.65625
30,0.2,5,0.625
30,0.2,7,0.59375
30,0.25,3,0.725
30,0.25,5,0.7
30,0.25,7,0.65
30,0.3,3,0.6875
30,0.3,5,0.6666666666666666
30,0.3,7,0.625
31,0.1,3,0.5
31,0.1,5,0.5
31,0.1,7,0.625
31,0.2,3,0.46875
31,0.2,5,0.53125
31,0.2,7,0.5625
31,0.25,3,0.6
31,0.25,5,0.625
31,0.25,7,0.625
31,0.3,3,0.6041666666666666
31,0.3,5,0.625
31,0.3,7,0.6666666666666666
32,0.1,3,0.5625
32,0.1,5,0.6875
32,0.1,7,0.6875
32,0.2,3,0.5625
32,0.2,5,0.59375
32,0.2,7,0.625
32,0.25,3,0.55
32,0.25,5,0.55
32,0.25,7,0.625
32,0.3,3,0.5625
32,0.3,5,0.5833333333333334
32,0.3,7,0.625
33,0.1,3,0.375
33,0.1,5,0.6875
33,0.1,7,0.4375
33,0.2,3,0.5625
33,0.2,5,0.65625
33,0.2,7,0.59375
33,0.25,3,0.65
33,0.25,5,0.675
33,0.25,7,0.65
33,0.3,3,0.5833333333333334
33,0.3,5,0.625
33,0.3,7,0.6041666666666666
34,0.1,3,0.5
34,0.1,5,0.5625
34,0.1,7,0.5
34,0.2,3,0.5625
34,0.2,5,0.625
34,0.2,7,0.59375
34,0.25,3,0.6
34,0.25,5,0.625
34,0.25,7,0.625
34,0.3,3,0.5833333333333334
34,0.3,5,0.6041666666666666
34,0.3,7,0.625
35,0.1,3,0.375
35,0.1,5,0.5625
35,0.1,7,0.5
35,0.2,3,0.5
35,0.2,5,0.59375
35,0.2,7,0.5625
35,0.25,3,0.475
35,0.25,5,0.5
35,0.25,7,0.575
35,0.3,3,0.5416666666666666
35,0.3,5,0.5625
35,0.3,7,0.625
36,0.1,3,0.5
36,0.1,5,0.5625
36,0.1,7,0.5625
36,0.2,3,0.5625
36,0.2,5,0.625
36,0.2,7,0.59375
36,0.25,3,0.6
36,0.25,5,0.625
36,0.25,7,0.6
36,0.3,3,0.625
36,0.3,5,0.6458333333333334
36,0.3,7,0.625
37,0.1,3,0.375
37,0.1,5,0.4375
37,0.1,7,0.5
37,0.2,3,0.5
37,0.2,5,0.59375
37,0.2,7,0.59375
37,0.25,3,0.525
37,0.25,5,0.6
37,0.25,7,0.575
37,0.3,3,0.5833333333333334
37,0.3,5,0.6458333333333334
37,0.3,7,0.6458333333333334
38,0.1,3,0.625
38,0.1,5,0.6875
38,0.1,7,0.6875
38,0.2,3,0.59375
38,0.2,5,0.71875
38,0.2,7,0.6875
38,0.25,3,0.65
38,0.25,5,0.75
38,0.25,7,0.7
38,0.3,3,0.6041666666666666
38,0.3,5,0.6666666666666666
38,0.3,7,0.6458333333333334
39,0.1,3,0.5625
39,0.1,5,0.5625
39,0.1,7,0.625
39,0.2,3,0.5
39,0.2,5,0.46875
39,0.2,7,0.53125
39,0.25,3,0.575
39,0.25,5,0.55
39,0.25,7,0.6
39,0.3,3,0.5833333333333334
39,0.3,5,0.5625
39,0.3,7,0.5833333333333334
40,0.1,3,0.4375
40,0.1,5,0.625
40,0.1,7,0.625
40,0.2,3,0.65625
40,0.2,5,0.6875
40,0.2,7,0.6875
40,0.25,3,0.625
40,0.25,5,0.625
40,0.25,7,0.65
40,0.3,3,0.625
40,0.3,5,0.6041666666666666
40,0.3,7,0.6666666666666666
41,0.1,3,0.625
41,0.1,5,0.6875
41,0.1,7,0.625
41,0.2,3,0.625
41,0.2,5,0.65625
41,0.2,7,0.65625
41,0.25,3,0.6
41,0.25,5,0.575
41,0.25,7,0.575
41,0.3,3,0.6041666666666666
41,0.3,5,0.5833333333333334
41,0.3,7,0.5833333333333334
42,0.1,3,0.6875
42,0.1,5,0.75
42,0.1,7,0.75
42,0.2,3,0.625
42,0.2,5,0.5625
42,0.2,7,0.5625
42,0.25,3,0.625
42,0.25,5,0.575
42,0.25,7,0.6
42,0.3,3,0.6041666666666666
42,0.3,5,0.5625
42,0.3,7,0.625
43,0.1,3,0.625
43,0.1,5,0.6875
43,0.1,7,0.75
43,0.2,3,0.6875
43,0.2,5,0.75
43,0.2,7,0.65625
43,0.25,3,0.65
43,0.25,5,0.7
43,0.25,7,0.65
43,0.3,3,0.6666666666666666
43,0.3,5,0.6875
43,0.3,7,0.7083333333333334
44,0.1,3,0.5625
44,0.1,5,0.5625
44,0.1,7,0.625
44,0.2,3,0.5625
44,0.2,5,0.5625
44,0.2,7,0.59375
44,0.25,3,0.5
44,0.25,5,0.55
44,0.25,7,0.6
44,0.3,3,0.5208333333333334
44,0.3,5,0.5625
44,0.3,7,0.5416666666666666
45,0.1,3,0.375
45,0.1,5,0.375
45,0.1,7,0.3125
45,0.2,3,0.59375
45,0.2,5,0.5625
45,0.2,7,0.53125
45,0.25,3,0.55
45,0.25,5,0.625
45,0.25,7,0.575
45,0.3,3,0.625
45,0.3,5,0.6666666666666666
45,0.3,7,0.6875
46,0.1,3,0.5625
46,0.1,5,0.5625
46,0.1,7,0.6875
46,0.2,3,0.65625
46,0.2,5,0.65625
46,0.2,7,0.71875
46,0.25,3,0.675
46,0.25,5,0.625
46,0.25,7,0.7
46,0.3,3,0.625
46,0.3,5,0.6666666666666666
46,0.3,7,0.6875
47,0.1,3,0.5
47,0.1,5,0.625
47,0.1,7,0.625
47,0.2,3,0.59375
47,0.2,5,0.625
47,0.2,7,0.65625
47,0.25,3,0.55
47,0.25,5,0.65
47,0.25,7,0.6
47,0.3,3,0.6041666666666666
47,0.3,5,0.6458333333333334
47,0.3,7,0.6458333333333334
48,0.1,3,0.6875
48,0.1,5,0.6875
48,0.1,7,0.75
48,0.2,3,0.6875
48,0.2,5,0.65625
48,0.2,7,0.71875
48,0.25,3,0.65
48,0.25,5,0.65
48,0.25,7,0.7
48,0.3,3,0.6458333333333334
48,0.3,5,0.6666666666666666
48,0.3,7,0.6666666666666666
49,0.1,3,0.375
49,0.1,5,0.375
49,0.1,7,0.375
49,0.2,3,0.4375
49,0.2,5,0.40625
49,0.2,7,0.4375
49,0.25,3,0.475
49,0.25,5,0.5
49,0.25,7,0.55
49,0.3,3,0.5208333333333334
49,0.3,5,0.5416666666666666
49,0.3,7,0.5625
50,0.1,3,0.5625
50,0.1,5,0.625
50,0.1,7,0.6875
50,0.2,3,0.6875
50,0.2,5,0.71875
50,0.2,7,0.78125
50,0.25,3,0.675
50,0.25,5,0.725
50,0.25,7,0.725
50,0.3,3,0.6875
50,0.3,5,0.7083333333333334
50,0.3,7,0.7083333333333334
51,0.1,3,0.5625
51,0.1,5,0.625
51,0.1,7,0.625
51,0.2,3,0.5625
51,0.2,5,0.65625
51,0.2,7,0.6875
51,0.25,3,0.55
51,0.25,5,0.675
51,0.25,7,0.65
51,0.3,3,0.5833333333333334
51,0.3,5,0.6875
51,0.3,7,0.6875
52,0.1,3,0.6875
52,0.1,5,0.625
52,0.1,7,0.75
52,0.2,3,0.625
52,0.2,5,0.6875
52,0.2,7,0.65625
52,0.25,3,0.625
52,0.25,5,0.675
52,0.25,7,0.65
52,0.3,3,0.5625
52,0.3,5,0.6666666666666666
52,0.3,7,0.6666666666666666
53,0.1,3,0.4375
53,0.1,5,0.5625
53,0.1,7,0.5
53,0.2,3,0.65625
53,0.2,5,0.75
53,0.2,7,0.6875
53,0.25,3,0.575
53,0.25,5,0.675
53,0.25,7,0.65
53,0.3,3,0.5625
53,0.3,5,0.6666666666666666
53,0.3,7,0.6666666666666666
54,0.1,3,0.6875
54,0.1,5,0.75
54,0.1,7,0.75
54,0.2,3,0.625
54,0.2,5,0.625
54,0.2,7,0.59375
54,0.25,3,0.65
54,0.25,5,0.625
54,0.25,7,0.625
54,0.3,3,0.6666666666666666
54,0.3,5,0.6666666666666666
54,0.3,7,0.625
55,0.1,3,0.5
55,0.1,5,0.5625
55,0.1,7,0.6875
55,0.2,3,0.5
55,0.2,5,0.59375
55,0.2,7,0.5
55,0.25,3,0.55
55,0.25,5,0.6
55,0.25,7,0.525
55,0.3,3,0.5
55,0.3,5,0.5416666666666666
55,0.3,7,0.5208333333333334
56,0.1,3,0.75
56,0.1,5,0.8125
56,0.1,7,0.8125
56,0.2,3,0.75
56,0.2,5,0.8125
56,0.2,7,0.84375
56,0.25,3,0.7
56,0.25,5,0.7
56,0.25,7,0.775
56,0.3,3,0.6666666666666666
56,0.3,5,0.6875
56,0.3,7,0.7291666666666666
57,0.1,3,0.4375
57,0.1,5,0.5
57,0.1,7,0.5625
57,0.2,3,0.625
57,0.2,5,0.6875
57,0.2,7,0.6875
57,0.25,3,0.675
57,0.25,5,0.75
57,0.25,7,0.725
57,0.3,3,0.6875
57,0.3,5,0.7083333333333334
57,0.3,7,0.75
58,0.1,3,0.75
58,0.1,5,0.6875
58,0.1,7,0.6875
58,0.2,3,0.71875
58,0.2,5,0.71875
58,0.2,7,0.71875
58,0.25,3,0.65
58,0.25,5,0.65
58,0.25,7,0.725
58,0.3,3,0.5833333333333334
58,0.3,5,0.625
58,0.3,7,0.625
59,0.1,3,0.6875
59,0.1,5,0.8125
59,0.1,7,0.6875
59,0.2,3,0.59375
59,0.2,5,0.625
59,0.2,7,0.59375
59,0.25,3,0.6
59,0.25,5,0.6
59,0.25,7,0.6
59,0.3,3,0.5625
59,0.3,5,0.625
59,0.3,7,0.625
60,0.1,3,0.4375
60,0.1,5,0.5625
60,0.1,7,0.6875
60,0.2,3,0.59375
60,0.2,5,0.65625
60,0.2,7,0.71875
60,0.25,3,0.525
60,0.25,5,0.6
60,0.25,7,0.675
60,0.3,3,0.5625
60,0.3,5,0.6458333333333334
60,0.3,7,0.6875
61,0.1,3,0.625
61,0.1,5,0.5625
61,0.1,7,0.625
61,0.2,3,0.71875
61,0.2,5,0.65625
61,0.2,7,0.75
61,0.25,3,0.625
61,0.25,5,0.625
61,0.25,7,0.625
61,0.3,3,0.6666666666666666
61,0.3,5,0.6666666666666666
61,0.3,7,0.6666666666666666
62,0.1,3,0.625
62,0.1,5,0.625
62,0.1,7,0.6875
62,0.2,3,0.625
62,0.2,5,0.625
62,0.2,7,0.65625
62,0.25,3,0.625
62,0.25,5,0.625
62,0.25,7,0.65
62,0.3,3,0.6041666666666666
62,0.3,5,0.6666666666666666
62,0.3,7,0.6458333333333334
63,0.1,3,0.625
63,0.1,5,0.75
63,0.1,7,0.8125
63,0.2,3,0.59375
63,0.2,5,0.75
63,0.2,7,0.8125
63,0.25,3,0.6
63,0.25,5,0.75
63,0.25,7,0.775
63,0.3,3,0.5833333333333334
63,0.3,5,0.6875
63,0.3,7,0.6875
64,0.1,3,0.5
64,0.1,5,0.5625
64,0.1,7,0.5625
64,0.2,3,0.5625
64,0.2,5,0.59375
64,0.2,7,0.59375
64,0.25,3,0.55
64,0.25,5,0.575
64,0.25,7,0.625
64,0.3,3,0.5625
64,0.3,5,0.625
64,0.3,7,0.6875
65,0.1,3,0.25
65,0.1,5,0.5625
65,0.1,7,0.4375
65,0.2,3,0.5625
65,0.2,5,0.625
65,0.2,7,0.53125
65,0.25,3,0.6
65,0.25,5,0.625
65,0.25,7,0.6
65,0.3,3,0.6458333333333334
65,0.3,5,0.7083333333333334
65,0.3,7,0.6458333333333334
66,0.1,3,0.375
66,0.1,5,0.5
66,0.1,7,0.4375
66,0.2,3,0.5
66,0.2,5,0.5625
66,0.2,7,0.5625
66,0.25,3,0.525
66,0.25,5,0.65
66,0.25,7,0.65
66,0.3,3,0.5625
66,0.3,5,0.6666666666666666
66,0.3,7,0.6875
67,0.1,3,0.6875
67,0.1,5,0.75
67,0.1,7,0.6875
67,0.2,3,0.59375
67,0.2,5,0.6875
67,0.2,7,0.75
67,0.25,3,0.625
67,0.25,5,0.7
67,0.25,7,0.775
67,0.3,3,0.625
67,0.3,5,0.6875
67,0.3,7,0.7708333333333334
68,0.1,3,0.5625
68,0.1,5,0.5625
68,0.1,7,0.5625
68,0.2,3,0.625
68,0.2,5,0.65625
68,0.2,7,0.65625
68,0.25,3,0.6
68,0.25,5,0.6
68,0.25,7,0.575
68,0.3,3,0.5833333333333334
68,0.3,5,0.6666666666666666
68,0.3,7,0.6458333333333334
69,0.1,3,0.75
69,0.1,5,0.75
69,0.1,7,0.8125
69,0.2,3,0.71875
69,0.2,5,0.78125
69,0.2,7,0.75
69,0.25,3,0.725
69,0.25,5,0.8
69,0.25,7,0.75
69,0.3,3,0.6458333333333334
69,0.3,5,0.75
69,0.3,7,0.75
70,0.1,3,0.4375
70,0.1,5,0.625
70,0.1,7,0.625
70,0.2,3,0.625
70,0.2,5,0.75
70,0.2,7,0.71875
70,0.25,3,0.675
70,0.25,5,0.75
70,0.25,7,0.75
70,0.3,3,0.75
70,0.3,5,0.7083333333333334
70,0.3,7,0.7291666666666666
71,0.1,3,0.625
71,0.1,5,0.75
71,0.1,7,0.75
71,0.2,3,0.65625
71,0.2,5,0.71875
71,0.2,7,0.75
71,0.25,3,0.675
71,0.25,5,0.7
71,0.25,7,0.75
71,0.3,3,0.6458333333333334
71,0.3,5,0.6666666666666666
71,0.3,7,0.6875
72,0.1,3,0.6875
72,0.1,5,0.625
72,0.1,7,0.75
72,0.2,3,0.59375
72,0.2,5,0.65625
72,0.2,7,0.65625
72,0.25,3,0.575
72,0.25,5,0.575
72,0.25,7,0.6
72,0.3,3,0.5
72,0.3,5,0.5416666666666666
72,0.3,7,0.5416666666666666
73,0.1,3,0.4375
73,0.1,5,0.5
73,0.1,7,0.625
73,0.2,3,0.59375
73,0.2,5,0.6875
73,0.2,7,0.75
73,0.25,3,0.65
73,0.25,5,0.725
73,0.25,7,0.8
73,0.3,3,0.6458333333333334
73,0.3,5,0.6875
73,0.3,7,0.7083333333333334
74,0.1,3,0.5625
74,0.1,5,0.5625
74,0.1,7,0.625
74,0.2,3,0.59375
74,0.2,5,0.5625
74,0.2,7,0.65625
74,0.25,3,0.65
74,0.25,5,0.625
74,0.25,7,0.7
74,0.3,3,0.6666666666666666
74,0.3,5,0.6875
74,0.3,7,0.7083333333333334
75,0.1,3,0.6875
75,0.1,5,0.8125
75,0.1,7,0.75
75,0.2,3,0.71875
75,0.2,5,0.75
75,0.2,7,0.71875
75,0.25,3,0.725
75,0.25,5,0.775
75,0.25,7,0.725
75,0.3,3,0.7083333333333334
75,0.3,5,0.7083333333333334
75,0.3,7,0.75
76,0.1,3,0.5625
76,0.1,5,0.5
76,0.1,7,0.8125
76,0.2,3,0.625
76,0.2,5,0.625
76,0.2,7,0.625
76,0.25,3,0.65
76,0.25,5,0.65
76,0.25,7,0.65
76,0.3,3,0.6666666666666666
76,0.3,5,0.6458333333333334
76,0.3,7,0.625
77,0.1,3,0.6875
77,0.1,5,0.6875
77,0.1,7,0.8125
77,0.2,3,0.53125
77,0.2,5,0.59375
77,0.2,7,0.625
77,0.25,3,0.55
77,0.25,5,0.625
77,0.25,7,0.65
77,0.3,3,0.5833333333333334
77,0.3,5,0.6666666666666666
77,0.3,7,0.6666666666666666
78,0.1,3,0.625
78,0.1,5,0.75
78,0.1,7,0.8125
78,0.2,3,0.5625
78,0.2,5,0.5625
78,0.2,7,0.53125
78,0.25,3,0.6
78,0.25,5,0.625
78,0.25,7,0.575
78,0.3,3,0.625
78,0.3,5,0.625
78,0.3,7,0.5833333333333334
79,0.1,3,0.5625
79,0.1,5,0.6875
79,0.1,7,0.6875
79,0.2,3,0.5625
79,0.2,5,0.6875
79,0.2,7,0.75
79,0.25,3,0.575
79,0.25,5,0.675
79,0.25,7,0.725
79,0.3,3,0.5833333333333334
79,0.3,5,0.7083333333333334
79,0.3,7,0.75
80,0.1,3,0.625
80,0.1,5,0.6875
80,0.1,7,0.6875
80,0.2,3,0.59375
80,0.2,5,0.59375
80,0.2,7,0.6875
80,0.25,3,0.65
80,0.25,5,0.625
80,0.25,7,0.65
80,0.3,3,0.5833333333333334
80,0.3,5,0.5833333333333334
80,0.3,7,0.5833333333333334
81,0.1,3,0.8125
81,0.1,5,0.625
81,0.1,7,0.75
81,0.2,3,0.71875
81,0.2,5,0.6875
81,0.2,7,0.71875
81,0.25,3,0.7
81,0.25,5,0.675
81,0.25,7,0.75
81,0.3,3,0.6666666666666666
81,0.3,5,0.6666666666666666
81,0.3,7,0.7291666666666666
82,0.1,3,0.6875
82,0.1,5,0.625
82,0.1,7,0.6875
82,0.2,3,0.5625
82,0.2,5,0.5625
82,0.2,7,0.625
82,0.25,3,0.625
82,0.25,5,0.6
82,0.25,7,0.625
82,0.3,3,0.625
82,0.3,5,0.6458333333333334
82,0.3,7,0.6041666666666666
83,0.1,3,0.625
83,0.1,5,0.625
83,0.1,7,0.75
83,0.2,3,0.59375
83,0.2,5,0.625
83,0.2,7,0.71875
83,0.25,3,0.625
83,0.25,5,0.625
83,0.25,7,0.725
83,0.3,3,0.6458333333333334
83,0.3,5,0.6666666666666666
83,0.3,7,0.7083333333333334
84,0.1,3,0.375
84,0.1,5,0.3125
84,0.1,7,0.25
84,0.2,3,0.5
84,0.2,5,0.5
84,0.2,7,0.46875
84,0.25,3,0.55
84,0.25,5,0.525
84,0.25,7,0.55
84,0.3,3,0.625
84,0.3,5,0.5833333333333334
84,0.3,7,0.625
85,0.1,3,0.6875
85,0.1,5,0.625
85,0.1,7,0.5
85,0.2,3,0.625
85,0.2,5,0.71875
85,0.2,7,0.625
85,0.25,3,0.575
85,0.25,5,0.65
85,0.25,7,0.625
85,0.3,3,0.6041666666666666
85,0.3,5,0.6666666666666666
85,0.3,7,0.6458333333333334
86,0.1,3,0.5625
86,0.1,5,0.6875
86,0.1,7,0.6875
86,0.2,3,0.65625
86,0.2,5,0.6875
86,0.2,7,0.71875
86,0.25,3,0.675
86,0.25,5,0.675
86,0.25,7,0.675
86,0.3,3,0.7083333333333334
86,0.3,5,0.6875
86,0.3,7,0.7083333333333334
87,0.1,3,0.5
87,0.1,5,0.5625
87,0.1,7,0.6875
87,0.2,3,0.625
87,0.2,5,0.6875
87,0.2,7,0.6875
87,0.25,3,0.6
87,0.25,5,0.65
87,0.25,7,0.6
87,0.3,3,0.6666666666666666
87,0.3,5,0.75
87,0.3,7,0.7291666666666666
88,0.1,3,0.625
88,0.1,5,0.6875
88,0.1,7,0.8125
88,0.2,3,0.59375
88,0.2,5,0.6875
88,0.2,7,0.6875
88,0.25,3,0.625
88,0.25,5,0.7
88,0.25,7,0.7
88,0.3,3,0.6666666666666666
88,0.3,5,0.7291666666666666
88,0.3,7,0.7083333333333334
89,0.1,3,0.625
89,0.1,5,0.625
89,0.1,7,0.6875
89,0.2,3,0.75
89,0.2,5,0.71875
89,0.2,7,0.75
89,0.25,3,0.675
89,0.25,5,0.7
89,0.25,7,0.75
89,0.3,3,0.6458333333333334
89,0.3,5,0.7291666666666666
89,0.3,7,0.7291666666666666
90,0.1,3,0.5625
90,0.1,5,0.5
90,0.1,7,0.625
90,0.2,3,0.625
90,0.2,5,0.65625
90,0.2,7,0.6875
90,0.25,3,0.625
90,0.25,5,0.625
90,0.25,7,0.625
90,0.3,3,0.6458333333333334
90,0.3,5,0.6666666666666666
90,0.3,7,0.6458333333333334
91,0.1,3,0.6875
91,0.1,5,0.6875
91,0.1,7,0.75
91,0.2,3,0.625
91,0.2,5,0.65625
91,0.2,7,0.65625
91,0.25,3,0.65
91,0.25,5,0.625
91,0.25,7,0.625
91,0.3,3,0.6875
91,0.3,5,0.6666666666666666
91,0.3,7,0.6458333333333334
92,0.1,3,0.5625
92,0.1,5,0.5625
92,0.1,7,0.6875
92,0.2,3,0.59375
92,0.2,5,0.5625
92,0.2,7,0.53125
92,0.25,3,0.675
92,0.25,5,0.6
92,0.25,7,0.6
92,0.3,3,0.6041666666666666
92,0.3,5,0.6041666666666666
92,0.3,7,0.5625
93,0.1,3,0.25
93,0.1,5,0.4375
93,0.1,7,0.5
93,0.2,3,0.53125
93,0.2,5,0.59375
93,0.2,7,0.6875
93,0.25,3,0.525
93,0.25,5,0.575
93,0.25,7,0.7
93,0.3,3,0.5833333333333334
93,0.3,5,0.625
93,0.3,7,0.75
94,0.1,3,0.625
94,0.1,5,0.5625
94,0.1,7,0.625
94,0.2,3,0.65625
94,0.2,5,0.6875
94,0.2,7,0.6875
94,0.25,3,0.625
94,0.25,5,0.65
94,0.25,7,0.65
94,0.3,3,0.625
94,0.3,5,0.6875
94,0.3,7,0.6458333333333334
95,0.1,3,0.6875
95,0.1,5,0.75
95,0.1,7,0.75
95,0.2,3,0.71875
95,0.2,5,0.75
95,0.2,7,0.75
95,0.25,3,0.775
95,0.25,5,0.8
95,0.25,7,0.8
95,0.3,3,0.7291666666666666
95,0.3,5,0.7708333333333334
95,0.3,7,0.75
96,0.1,3,0.4375
96,0.1,5,0.5
96,0.1,7,0.5
96,0.2,3,0.5625
96,0.2,5,0.625
96,0.2,7,0.59375
96,0.25,3,0.625
96,0.25,5,0.625
96,0.25,7,0.65
96,0.3,3,0.5833333333333334
96,0.3,5,0.6458333333333334
96,0.3,7,0.625
97,0.1,3,0.5
97,0.1,5,0.5
97,0.1,7,0.5625
97,0.2,3,0.625
97,0.2,5,0.71875
97,0.2,7,0.71875
97,0.25,3,0.625
97,0.25,5,0.7
97,0.25,7,0.7
97,0.3,3,0.625
97,0.3,5,0.75
97,0.3,7,0.75
98,0.1,3,0.5625
98,0.1,5,0.5625
98,0.1,7,0.625
98,0.2,3,0.59375
98,0.2,5,0.5625
98,0.2,7,0.625
98,0.25,3,0.65
98,0.25,5,0.625
98,0.25,7,0.675
98,0.3,3,0.625
98,0.3,5,0.6041666666666666
98,0.3,7,0.6666666666666666
99,0.1,3,0.5625
99,0.1,5,0.5625
99,0.1,7,0.625
99,0.2,3,0.71875
99,0.2,5,0.71875
99,0.2,7,0.78125
99,0.25,3,0.675
99,0.25,5,0.675
99,0.25,7,0.7
99,0.3,3,0.6875
99,0.3,5,0.6875
99,0.3,7,0.7083333333333334
100,0.1,3,0.75
100,0.1,5,0.6875
100,0.1,7,0.6875
100,0.2,3,0.65625
100,0.2,5,0.65625
100,0.2,7,0.71875
100,0.25,3,0.675
100,0.25,5,0.7
100,0.25,7,0.725
100,0.3,3,0.6875
100,0.3,5,0.6458333333333334
100,0.3,7,0.6875
101,0.1,3,0.5
101,0.1,5,0.5
101,0.1,7,0.625
101,0.2,3,0.46875
101,0.2,5,0.53125
101,0.2,7,0.53125
101,0.25,3,0.5
101,0.25,5,0.525
101,0.25,7,0.525
101,0.3,3,0.5833333333333334
101,0.3,5,0.5625
101,0.3,7,0.5625
102,0.1,3,0.5625
102,0.1,5,0.6875
102,0.1,7,0.625
102,0.2,3,0.625
102,0.2,5,0.6875
102,0.2,7,0.6875
102,0.25,3,0.65
102,0.25,5,0.7
102,0.25,7,0.7
102,0.3,3,0.6666666666666666
102,0.3,5,0.7083333333333334
102,0.3,7,0.7083333333333334
103,0.1,3,0.875
103,0.1,5,0.9375
103,0.1,7,0.9375
103,0.2,3,0.78125
103,0.2,5,0.84375
103,0.2,7,0.875
103,0.25,3,0.725
103,0.25,5,0.8
103,0.25,7,0.8
103,0.3,3,0.7291666666666666
103,0.3,5,0.8125
103,0.3,7,0.7916666666666666
104,0.1,3,0.5625
104,0.1,5,0.5625
104,0.1,7,0.625
104,0.2,3,0.5625
104,0.2,5,0.5625
104,0.2,7,0.625
104,0.25,3,0.575
104,0.25,5,0.55
104,0.25,7,0.575
104,0.3,3,0.625
104,0.3,5,0.5833333333333334
104,0.3,7,0.625
105,0.1,3,0.75
105,0.1,5,0.8125
105,0.1,7,0.9375
105,0.2,3,0.6875
105,0.2,5,0.6875
105,0.2,7,0.71875
105,0.25,3,0.625
105,0.25,5,0.675
105,0.25,7,0.7
105,0.3,3,0.6458333333333334
105,0.3,5,0.7083333333333334
105,0.3,7,0.75
106,0.1,3,0.75
106,0.1,5,0.8125
106,0.1,7,0.75
106,0.2,3,0.65625
106,0.2,5,0.65625
106,0.2,7,0.6875
106,0.25,3,0.625
106,0.25,5,0.65
106,0.25,7,0.675
106,0.3,3,0.5833333333333334
106,0.3,5,0.6458333333333334
106,0.3,7,0.6875
107,0.1,3,0.4375
107,0.1,5,0.375
107,0.1,7,0.375
107,0.2,3,0.59375
107,0.2,5,0.59375
107,0.2,7,0.625
107,0.25,3,0.65
107,0.25,5,0.65
107,0.25,7,0.65
107,0.3,3,0.6666666666666666
107,0.3,5,0.6666666666666666
107,0.3,7,0.6666666666666666
108,0.1,3,0.75
108,0.1,5,0.75
108,0.1,7,0.8125
108,0.2,3,0.5625
108,0.2,5,0.59375
108,0.2,7,0.625
108,0.25,3,0.575
108,0.25,5,0.625
108,0.25,7,0.625
108,0.3,3,0.5833333333333334
108,0.3,5,0.6041666666666666
108,0.3,7,0.5833333333333334
109,0.1,3,0.5625
109,0.1,5,0.625
109,0.1,7,0.5625
109,0.2,3,0.71875
109,0.2,5,0.71875
109,0.2,7,0.6875
109,0.25,3,0.625
109,0.25,5,0.675
109,0.25,7,0.65
109,0.3,3,0.625
109,0.3,5,0.6875
109,0.3,7,0.6458333333333334
110,0.1,3,0.5
110,0.1,5,0.5
110,0.1,7,0.5
110,0.2,3,0.53125
110,0.2,5,0.53125
110,0.2,7,0.5
110,0.25,3,0.525
110,0.25,5,0.525
110,0.25,7,0.5
110,0.3,3,0.5208333333333334
110,0.3,5,0.5625
110,0.3,7,0.5833333333333334
111,0.1,3,0.8125
111,0.1,5,0.75
111,0.1,7,0.875
111,0.2,3,0.6875
111,0.2,5,0.6875
111,0.2,7,0.71875
111,0.25,3,0.675
111,0.25,5,0.65
111,0.25,7,0.725
111,0.3,3,0.6875
111,0.3,5,0.6666666666666666
111,0.3,7,0.7291666666666666
112,0.1,3,0.5625
112,0.1,5,0.5625
112,0.1,7,0.625
112,0.2,3,0.5625
112,0.2,5,0.59375
112,0.2,7,0.625
112,0.25,3,0.6
112,0.25,5,0.65
112,0.25,7,0.7
112,0.3,3,0.625
112,0.3,5,0.6875
112,0.3,7,0.7083333333333334
113,0.1,3,0.625
113,0.1,5,0.5625
113,0.1,7,0.875
113,0.2,3,0.46875
113,0.2,5,0.59375
113,0.2,7,0.625
113,0.25,3,0.55
113,0.25,5,0.625
113,0.25,7,0.65
113,0.3,3,0.6041666666666666
113,0.3,5,0.6458333333333334
113,0.3,7,0.6666666666666666
114,0.1,3,0.625
114,0.1,5,0.625
114,0.1,7,0.625
114,0.2,3,0.59375
114,0.2,5,0.5625
114,0.2,7,0.5625
114,0.25,3,0.7
114,0.25,5,0.625
114,0.25,7,0.65
114,0.3,3,0.6875
114,0.3,5,0.6458333333333334
114,0.3,7,0.6458333333333334
115,0.1,3,0.4375
115,0.1,5,0.375
115,0.1,7,0.4375
115,0.2,3,0.46875
115,0.2,5,0.5
115,0.2,7,0.5
115,0.25,3,0.55
115,0.25,5,0.6
115,0.25,7,0.525
115,0.3,3,0.5625
115,0.3,5,0.6041666666666666
115,0.3,7,0.5625
116,0.1,3,0.5
116,0.1,5,0.6875
116,0.1,7,0.75
116,0.2,3,0.5625
116,0.2,5,0.71875
116,0.2,7,0.71875
116,0.25,3,0.575
116,0.25,5,0.725
116,0.25,7,0.725
116,0.3,3,0.6041666666666666
116,0.3,5,0.6666666666666666
116,0.3,7,0.6666666666666666
117,0.1,3,0.75
117,0.1,5,0.6875
117,0.1,7,0.75
117,0.2,3,0.5625
117,0.2,5,0.6875
117,0.2,7,0.65625
117,0.25,3,0.575
117,0.25,5,0.7
117,0.25,7,0.675
117,0.3,3,0.6041666666666666
117,0.3,5,0.7083333333333334
117,0.3,7,0.6875
118,0.1,3,0.75
118,0.1,5,0.75
118,0.1,7,0.6875
118,0.2,3,0.65625
118,0.2,5,0.6875
118,0.2,7,0.6875
118,0.25,3,0.625
118,0.25,5,0.65
118,0.25,7,0.65
118,0.3,3,0.625
118,0.3,5,0.625
118,0.3,7,0.6041666666666666
119,0.1,3,0.625
119,0.1,5,0.875
119,0.1,7,0.8125
119,0.2,3,0.59375
119,0.2,5,0.625
119,0.2,7,0.71875
119,0.25,3,0.625
119,0.25,5,0.65
119,0.25,7,0.7
119,0.3,3,0.6458333333333334
119,0.3,5,0.6458333333333334
119,0.3,7,0.6875
120,0.1,3,0.4375
120,0.1,5,0.625
120,0.1,7,0.5625
120,0.2,3,0.46875
120,0.2,5,0.5
120,0.2,7,0.625
120,0.25,3,0.5
120,0.25,5,0.575
120,0.25,7,0.625
120,0.3,3,0.5208333333333334
120,0.3,5,0.5833333333333334
120,0.3,7,0.6041666666666666
121,0.1,3,0.625
121,0.1,5,0.5625
121,0.1,7,0.625
121,0.2,3,0.5625
121,0.2,5,0.5625
121,0.2,7,0.53125
121,0.25,3,0.6
121,0.25,5,0.575
121,0.25,7,0.575
121,0.3,3,0.625
121,0.3,5,0.5833333333333334
121,0.3,7,0.5833333333333334
122,0.1,3,0.6875
122,0.1,5,0.8125
122,0.1,7,0.6875
122,0.2,3,0.5625
122,0.2,5,0.65625
122,0.2,7,0.65625
122,0.25,3,0.575
122,0.25,5,0.65
122,0.25,7,0.675
122,0.3,3,0.6458333333333334
122,0.3,5,0.6041666666666666
122,0.3,7,0.6458333333333334
123,0.1,3,0.8125
123,0.1,5,0.8125
123,0.1,7,0.8125
123,0.2,3,0.59375
123,0.2,5,0.6875
123,0.2,7,0.71875
123,0.25,3,0.55
123,0.25,5,0.65
123,0.25,7,0.675
123,0.3,3,0.5833333333333334
123,0.3,5,0.6458333333333334
123,0.3,7,0.6666666666666666
124,0.1,3,0.6875
124,0.1,5,0.625
124,0.1,7,0.8125
124,0.2,3,0.65625
124,0.2,5,0.625
124,0.2,7,0.75
124,0.25,3,0.675
124,0.25,5,0.625
124,0.25,7,0.725
124,0.3,3,0.7083333333333334
124,0.3,5,0.6458333333333334
124,0.3,7,0.7083333333333334
125,0.1,3,0.625
125,0.1,5,0.6875
125,0.1,7,0.6875
125,0.2,3,0.65625
125,0.2,5,0.71875
125,0.2,7,0.625
125,0.25,3,0.575
125,0.25,5,0.675
125,0.25,7,0.575
125,0.3,3,0.6041666666666666
125,0.3,5,0.7291666666666666
125,0.3,7,0.6666666666666666
126,0.1,3,0.6875
126,0.1,5,0.6875
126,0.1,7,0.625
126,0.2,3,0.6875
126,0.2,5,0.6875
126,0.2,7,0.625
126,0.25,3,0.65
126,0.25,5,0.65
126,0.25,7,0.6
126,0.3,3,0.6666666666666666
126,0.3,5,0.625
126,0.3,7,0.625
127,0.1,3,0.6875
127,0.1,5,0.6875
127,0.1,7,0.75
127,0.2,3,0.71875
127,0.2,5,0.71875
127,0.2,7,0.71875
127,0.25,3,0.75
127,0.25,5,0.75
127,0.25,7,0.775
127,0.3,3,0.75
127,0.3,5,0.75
127,0.3,7,0.75
128,0.1,3,0.8125
128,0.1,5,0.75
128,0.1,7,0.75
128,0.2,3,0.65625
128,0.2,5,0.6875
128,0.2,7,0.65625
128,0.25,3,0.65
128,0.25,5,0.7
128,0.25,7,0.7
128,0.3,3,0.6875
128,0.3,5,0.7083333333333334
128,0.3,7,0.7083333333333334
129,0.1,3,0.625
129,0.1,5,0.6875
129,0.1,7,0.75
129,0.2,3,0.625
129,0.2,5,0.65625
129,0.2,7,0.65625
129,0.25,3,0.575
129,0.25,5,0.625
129,0.25,7,0.625
129,0.3,3,0.5625
129,0.3,5,0.6458333333333334
129,0.3,7,0.6458333333333334
130,0.1,3,0.5625
130,0.1,5,0.625
130,0.1,7,0.8125
130,0.2,3,0.65625
130,0.2,5,0.65625
130,0.2,7,0.6875
130,0.25,3,0.675
130,0.25,5,0.7
130,0.25,7,0.7
130,0.3,3,0.7291666666666666
130,0.3,5,0.7083333333333334
130,0.3,7,0.6875
131,0.1,3,0.8125
131,0.1,5,0.75
131,0.1,7,0.8125
131,0.2,3,0.75
131,0.2,5,0.71875
131,0.2,7,0.71875
131,0.25,3,0.775
131,0.25,5,0.75
131,0.25,7,0.725
131,0.3,3,0.7291666666666666
131,0.3,5,0.7291666666666666
131,0.3,7,0.7291666666666666
132,0.1,3,0.5
132,0.1,5,0.5625
132,0.1,7,0.5
132,0.2,3,0.5625
132,0.2,5,0.625
132,0.2,7,0.5625
132,0.25,3,0.65
132,0.25,5,0.675
132,0.25,7,0.65
132,0.3,3,0.6458333333333334
132,0.3,5,0.625
132,0.3,7,0.6041666666666666
133,0.1,3,0.375
133,0.1,5,0.5625
133,0.1,7,0.5
133,0.2,3,0.53125
133,0.2,5,0.5625
133,0.2,7,0.5625
133,0.25,3,0.525
133,0.25,5,0.525
133,0.25,7,0.575
133,0.3,3,0.4791666666666667
133,0.3,5,0.5208333333333334
133,0.3,7,0.5625
134,0.1,3,0.625
134,0.1,5,0.8125
134,0.1,7,0.75
134,0.2,3,0.65625
134,0.2,5,0.75
134,0.2,7,0.75
134,0.25,3,0.675
134,0.25,5,0.725
134,0.25,7,0.7
134,0.3,3,0.6666666666666666
134,0.3,5,0.7083333333333334
134,0.3,7,0.6875
135,0.1,3,0.5
135,0.1,5,0.5
135,0.1,7,0.5
135,0.2,3,0.53125
135,0.2,5,0.53125
135,0.2,7,0.5625
135,0.25,3,0.55
135,0.25,5,0.55
135,0.25,7,0.575
135,0.3,3,0.5833333333333334
135,0.3,5,0.5833333333333334
135,0.3,7,0.6041666666666666
136,0.1,3,0.4375
136,0.1,5,0.8125
136,0.1,7,0.875
136,0.2,3,0.5
136,0.2,5,0.65625
136,0.2,7,0.6875
136,0.25,3,0.55
136,0.25,5,0.7
136,0.25,7,0.75
136,0.3,3,0.625
136,0.3,5,0.6041666666666666
136,0.3,7,0.7291666666666666
137,0.1,3,0.5
137,0.1,5,0.5
137,0.1,7,0.5625
137,0.2,3,0.53125
137,0.2,5,0.5
137,0.2,7,0.53125
137,0.25,3,0.55
137,0.25,5,0.5
137,0.25,7,0.5
137,0.3,3,0.5416666666666666
137,0.3,5,0.5
137,0.3,7,0.5
138,0.1,3,0.625
138,0.1,5,0.6875
138,0.1,7,0.625
138,0.2,3,0.59375
138,0.2,5,0.65625
138,0.2,7,0.5625
138,0.25,3,0.575
138,0.25,5,0.625
138,0.25,7,0.6
138,0.3,3,0.5416666666666666
138,0.3,5,0.6666666666666666
138,0.3,7,0.6041666666666666
139,0.1,3,0.6875
139,0.1,5,0.8125
139,0.1,7,0.8125
139,0.2,3,0.65625
139,0.2,5,0.6875
139,0.2,7,0.65625
139,0.25,3,0.7
139,0.25,5,0.75
139,0.25,7,0.725
139,0.3,3,0.6458333333333334
139,0.3,5,0.7708333333333334
139,0.3,7,0.7083333333333334
140,0.1,3,0.625
140,0.1,5,0.625
140,0.1,7,0.5625
140,0.2,3,0.65625
140,0.2,5,0.71875
140,0.2,7,0.6875
140,0.25,3,0.65
140,0.25,5,0.7
140,0.25,7,0.65
140,0.3,3,0.6458333333333334
140,0.3,5,0.7083333333333334
140,0.3,7,0.6875
141,0.1,3,0.6875
141,0.1,5,0.625
141,0.1,7,0.75
141,0.2,3,0.6875
141,0.2,5,0.8125
141,0.2,7,0.71875
141,0.25,3,0.65
141,0.25,5,0.725
141,0.25,7,0.7
141,0.3,3,0.6666666666666666
141,0.3,5,0.6458333333333334
141,0.3,7,0.7083333333333334
142,0.1,3,0.625
142,0.1,5,0.75
142,0.1,7,0.75
142,0.2,3,0.65625
142,0.2,5,0.6875
142,0.2,7,0.6875
142,0.25,3,0.675
142,0.25,5,0.7
142,0.25,7,0.7
142,0.3,3,0.625
142,0.3,5,0.6875
142,0.3,7,0.6666666666666666
143,0.1,3,0.4375
143,0.1,5,0.5625
143,0.1,7,0.5625
143,0.2,3,0.53125
143,0.2,5,0.59375
143,0.2,7,0.59375
143,0.25,3,0.625
143,0.25,5,0.625
143,0.25,7,0.65
143,0.3,3,0.6041666666666666
143,0.3,5,0.6666666666666666
143,0.3,7,0.6666666666666666
144,0.1,3,0.625
144,0.1,5,0.75
144,0.1,7,0.75
144,0.2,3,0.6875
144,0.2,5,0.78125
144,0.2,7,0.75
144,0.25,3,0.65
144,0.25,5,0.65
144,0.25,7,0.675
144,0.3,3,0.6666666666666666
144,0.3,5,0.6458333333333334
144,0.3,7,0.6458333333333334
145,0.1,3,0.75
145,0.1,5,0.75
145,0.1,7,0.75
145,0.2,3,0.6875
145,0.2,5,0.75
145,0.2,7,0.75
145,0.25,3,0.625
145,0.25,5,0.75
145,0.25,7,0.7
145,0.3,3,0.5833333333333334
145,0.3,5,0.7083333333333334
145,0.3,7,0.6875
146,0.1,3,0.6875
146,0.1,5,0.75
146,0.1,7,0.75
146,0.2,3,0.65625
146,0.2,5,0.75
146,0.2,7,0.6875
146,0.25,3,0.65
146,0.25,5,0.775
146,0.25,7,0.725
146,0.3,3,0.6458333333333334
146,0.3,5,0.7291666666666666
146,0.3,7,0.6875
147,0.1,3,0.375
147,0.1,5,0.4375
147,0.1,7,0.5
147,0.2,3,0.53125
147,0.2,5,0.5625
147,0.2,7,0.625
147,0.25,3,0.55
147,0.25,5,0.625
147,0.25,7,0.65
147,0.3,3,0.5416666666666666
147,0.3,5,0.5833333333333334
147,0.3,7,0.6458333333333334
148,0.1,3,0.8125
148,0.1,5,0.75
148,0.1,7,0.9375
148,0.2,3,0.65625
148,0.2,5,0.625
148,0.2,7,0.71875
148,0.25,3,0.625
148,0.25,5,0.65
148,0.25,7,0.7
148,0.3,3,0.5833333333333334
148,0.3,5,0.6666666666666666
148,0.3,7,0.7083333333333334
149,0.1,3,0.5625
149,0.1,5,0.625
149,0.1,7,0.75
149,0.2,3,0.59375
149,0.2,5,0.59375
149,0.2,7,0.65625
149,0.25,3,0.625
149,0.25,5,0.625
149,0.25,7,0.675
149,0.3,3,0.6041666666666666
149,0.3,5,0.6458333333333334
149,0.3,7,0.6458333333333334
150,0.1,3,0.625
150,0.1,5,0.6875
150,0.1,7,0.6875
150,0.2,3,0.71875
150,0.2,5,0.6875
150,0.2,7,0.6875
150,0.25,3,0.7
150,0.25,5,0.65
150,0.25,7,0.725
150,0.3,3,0.625
150,0.3,5,0.6041666666666666
150,0.3,7,0.6458333333333334
151,0.1,3,0.4375
151,0.1,5,0.5
151,0.1,7,0.5
151,0.2,3,0.5
151,0.2,5,0.6875
151,0.2,7,0.65625
151,0.25,3,0.6
151,0.25,5,0.7
151,0.25,7,0.725
151,0.3,3,0.625
151,0.3,5,0.75
151,0.3,7,0.75
152,0.1,3,0.5625
152,0.1,5,0.8125
152,0.1,7,0.75
152,0.2,3,0.5625
152,0.2,5,0.65625
152,0.2,7,0.65625
152,0.25,3,0.6
152,0.25,5,0.675
152,0.25,7,0.675
152,0.3,3,0.5625
152,0.3,5,0.6041666666666666
152,0.3,7,0.6458333333333334
153,0.1,3,0.625
153,0.1,5,0.75
153,0.1,7,0.75
153,0.2,3,0.65625
153,0.2,5,0.75
153,0.2,7,0.71875
153,0.25,3,0.725
153,0.25,5,0.75
153,0.25,7,0.7
153,0.3,3,0.6458333333333334
153,0.3,5,0.75
153,0.3,7,0.7291666666666666
154,0.1,3,0.6875
154,0.1,5,0.75
154,0.1,7,0.9375
154,0.2,3,0.71875
154,0.2,5,0.78125
154,0.2,7,0.8125
154,0.25,3,0.675
154,0.25,5,0.725
154,0.25,7,0.7
154,0.3,3,0.6875
154,0.3,5,0.6875
154,0.3,7,0.6875
155,0.1,3,0.625
155,0.1,5,0.625
155,0.1,7,0.6875
155,0.2,3,0.65625
155,0.2,5,0.59375
155,0.2,7,0.6875
155,0.25,3,0.625
155,0.25,5,0.65
155,0.25,7,0.625
155,0.3,3,0.6458333333333334
155,0.3,5,0.6458333333333334
155,0.3,7,0.625
156,0.1,3,0.5625
156,0.1,5,0.625
156,0.1,7,0.75
156,0.2,3,0.65625
156,0.2,5,0.65625
156,0.2,7,0.6875
156,0.25,3,0.675
156,0.25,5,0.675
156,0.25,7,0.725
156,0.3,3,0.6666666666666666
156,0.3,5,0.6666666666666666
156,0.3,7,0.7083333333333334
157,0.1,3,0.5625
157,0.1,5,0.6875
157,0.1,7,0.75
157,0.2,3,0.53125
157,0.2,5,0.5625
157,0.2,7,0.625
157,0.25,3,0.55
157,0.25,5,0.575
157,0.25,7,0.65
157,0.3,3,0.5833333333333334
157,0.3,5,0.5833333333333334
157,0.3,7,0.625
158,0.1,3,0.5625
158,0.1,5,0.5625
158,0.1,7,0.5625
158,0.2,3,0.625
158,0.2,5,0.6875
158,0.2,7,0.6875
158,0.25,3,0.675
158,0.25,5,0.625
158,0.25,7,0.625
158,0.3,3,0.625
158,0.3,5,0.6666666666666666
158,0.3,7,0.6458333333333334
159,0.1,3,0.625
159,0.1,5,0.625
159,0.1,7,0.6875
159,0.2,3,0.65625
159,0.2,5,0.71875
159,0.2,7,0.71875
159,0.25,3,0.675
159,0.25,5,0.725
159,0.25,7,0.7
159,0.3,3,0.6875
159,0.3,5,0.7083333333333334
159,0.3,7,0.7083333333333334
160,0.1,3,0.6875
160,0.1,5,0.6875
160,0.1,7,0.6875
160,0.2,3,0.6875
160,0.2,5,0.6875
160,0.2,7,0.6875
160,0.25,3,0.675
160,0.25,5,0.65
160,0.25,7,0.65
160,0.3,3,0.7083333333333334
160,0.3,5,0.6875
160,0.3,7,0.6875
161,0.1,3,0.6875
161,0.1,5,0.8125
161,0.1,7,0.875
161,0.2,3,0.78125
161,0.2,5,0.84375
161,0.2,7,0.84375
161,0.25,3,0.725
161,0.25,5,0.775
161,0.25,7,0.775
161,0.3,3,0.7083333333333334
161,0.3,5,0.7708333333333334
161,0.3,7,0.7708333333333334
162,0.1,3,0.5625
162,0.1,5,0.6875
162,0.1,7,0.75
162,0.2,3,0.5625
162,0.2,5,0.59375
162,0.2,7,0.6875
162,0.25,3,0.575
162,0.25,5,0.675
162,0.25,7,0.7
162,0.3,3,0.625
162,0.3,5,0.7083333333333334
162,0.3,7,0.7291666666666666
163,0.1,3,0.5625
163,0.1,5,0.6875
163,0.1,7,0.5625
163,0.2,3,0.5625
163,0.2,5,0.59375
163,0.2,7,0.5625
163,0.25,3,0.6
163,0.25,5,0.65
163,0.25,7,0.625
163,0.3,3,0.5416666666666666
163,0.3,5,0.6458333333333334
163,0.3,7,0.5625
164,0.1,3,0.6875
164,0.1,5,0.8125
164,0.1,7,0.75
164,0.2,3,0.6875
164,0.2,5,0.75
164,0.2,7,0.75
164,0.25,3,0.7
164,0.25,5,0.75
164,0.25,7,0.75
164,0.3,3,0.7083333333333334
164,0.3,5,0.7083333333333334
164,0.3,7,0.6875
165,0.1,3,0.75
165,0.1,5,0.6875
165,0.1,7,0.75
165,0.2,3,0.625
165,0.2,5,0.59375
165,0.2,7,0.65625
165,0.25,3,0.65
165,0.25,5,0.675
165,0.25,7,0.675
165,0.3,3,0.6458333333333334
165,0.3,5,0.7083333333333334
165,0.3,7,0.7083333333333334
166,0.1,3,0.625
166,0.1,5,0.6875
166,0.1,7,0.625
166,0.2,3,0.53125
166,0.2,5,0.625
166,0.2,7,0.625
166,0.25,3,0.525
166,0.25,5,0.625
166,0.25,7,0.625
166,0.3,3,0.5625
166,0.3,5,0.6666666666666666
166,0.3,7,0.6458333333333334
167,0.1,3,0.625
167,0.1,5,0.75
167,0.1,7,0.875
167,0.2,3,0.5
167,0.2,5,0.65625
167,0.2,7,0.6875
167,0.25,3,0.6
167,0.25,5,0.65
167,0.25,7,0.65
167,0.3,3,0.6458333333333334
167,0.3,5,0.6875
167,0.3,7,0.6875
168,0.1,3,0.625
168,0.1,5,0.6875
168,0.1,7,0.625
168,0.2,3,0.71875
168,0.2,5,0.75
168,0.2,7,0.71875
168,0.25,3,0.75
168,0.25,5,0.8
168,0.25,7,0.775
168,0.3,3,0.6875
168,0.3,5,0.75
168,0.3,7,0.7291666666666666
169,0.1,3,0.6875
169,0.1,5,0.6875
169,0.1,7,0.6875
169,0.2,3,0.71875
169,0.2,5,0.71875
169,0.2,7,0.78125
169,0.25,3,0.725
169,0.25,5,0.725
169,0.25,7,0.775
169,0.3,3,0.6875
169,0.3,5,0.7083333333333334
169,0.3,7,0.75
170,0.1,3,0.6875
170,0.1,5,0.875
170,0.1,7,0.875
170,0.2,3,0.59375
170,0.2,5,0.6875
170,0.2,7,0.71875
170,0.25,3,0.625
170,0.25,5,0.775
170,0.25,7,0.75
170,0.3,3,0.6458333333333334
170,0.3,5,0.7291666666666666
170,0.3,7,0.7291666666666666
171,0.1,3,0.6875
171,0.1,5,0.625
171,0.1,7,0.6875
171,0.2,3,0.65625
171,0.2,5,0.59375
171,0.2,7,0.625
171,0.25,3,0.625
171,0.25,5,0.625
171,0.25,7,0.65
171,0.3,3,0.6458333333333334
171,0.3,5,0.6666666666666666
171,0.3,7,0.6666666666666666
172,0.1,3,0.6875
172,0.1,5,0.625
172,0.1,7,0.6875
172,0.2,3,0.5625
172,0.2,5,0.53125
172,0.2,7,0.5625
172,0.25,3,0.6
172,0.25,5,0.6
172,0.25,7,0.625
172,0.3,3,0.5833333333333334
172,0.3,5,0.625
172,0.3,7,0.625
173,0.1,3,0.75
173,0.1,5,0.875
173,0.1,7,0.8125
173,0.2,3,0.75
173,0.2,5,0.78125
173,0.2,7,0.78125
173,0.25,3,0.725
173,0.25,5,0.75
173,0.25,7,0.775
173,0.3,3,0.7083333333333334
173,0.3,5,0.7083333333333334
173,0.3,7,0.7291666666666666
174,0.1,3,0.6875
174,0.1,5,0.8125
174,0.1,7,0.6875
174,0.2,3,0.71875
174,0.2,5,0.78125
174,0.2,7,0.71875
174,0.25,3,0.75
174,0.25,5,0.775
174,0.25,7,0.75
174,0.3,3,0.7083333333333334
174,0.3,5,0.7708333333333334
174,0.3,7,0.6875
175,0.1,3,0.6875
175,0.1,5,0.75
175,0.1,7,0.75
175,0.2,3,0.71875
175,0.2,5,0.71875
175,0.2,7,0.71875
175,0.25,3,0.625
175,0.25,5,0.675
175,0.25,7,0.65
175,0.3,3,0.6041666666666666
175,0.3,5,0.6458333333333334
175,0.3,7,0.6458333333333334
176,0.1,3,0.5625
176,0.1,5,0.5625
176,0.1,7,0.5625
176,0.2,3,0.625
176,0.2,5,0.625
176,0.2,7,0.65625
176,0.25,3,0.525
176,0.25,5,0.6
176,0.25,7,0.65
176,0.3,3,0.5833333333333334
176,0.3,5,0.6458333333333334
176,0.3,7,0.6458333333333334
177,0.1,3,0.5625
177,0.1,5,0.6875
177,0.1,7,0.6875
177,0.2,3,0.59375
177,0.2,5,0.71875
177,0.2,7,0.65625
177,0.25,3,0.65
177,0.25,5,0.725
177,0.25,7,0.675
177,0.3,3,0.6458333333333334
177,0.3,5,0.7083333333333334
177,0.3,7,0.6666666666666666
178,0.1,3,0.6875
178,0.1,5,0.8125
178,0.1,7,0.875
178,0.2,3,0.625
178,0.2,5,0.78125
178,0.2,7,0.75
178,0.25,3,0.55
178,0.25,5,0.65
178,0.25,7,0.675
178,0.3,3,0.6041666666666666
178,0.3,5,0.6875
178,0.3,7,0.6666666666666666
179,0.1,3,0.4375
179,0.1,5,0.5625
179,0.1,7,0.5
179,0.2,3,0.59375
179,0.2,5,0.59375
179,0.2,7,0.5625
179,0.25,3,0.625
179,0.25,5,0.65
179,0.25,7,0.625
179,0.3,3,0.625
179,0.3,5,0.6458333333333334
179,0.3,7,0.625
180,0.1,3,0.5625
180,0.1,5,0.75
180,0.1,7,0.625
180,0.2,3,0.65625
180,0.2,5,0.6875
180,0.2,7,0.6875
180,0.25,3,0.65
180,0.25,5,0.65
180,0.25,7,0.65
180,0.3,3,0.6458333333333334
180,0.3,5,0.6458333333333334
180,0.3,7,0.6458333333333334
181,0.1,3,0.6875
181,0.1,5,0.9375
181,0.1,7,0.8125
181,0.2,3,0.5625
181,0.2,5,0.625
181,0.2,7,0.59375
181,0.25,3,0.6
181,0.25,5,0.675
181,0.25,7,0.7
181,0.3,3,0.5833333333333334
181,0.3,5,0.6666666666666666
181,0.3,7,0.6458333333333334
182,0.1,3,0.6875
182,0.1,5,0.8125
182,0.1,7,0.8125
182,0.2,3,0.6875
182,0.2,5,0.71875
182,0.2,7,0.71875
182,0.25,3,0.525
182,0.25,5,0.725
182,0.25,7,0.675
182,0.3,3,0.6041666666666666
182,0.3,5,0.7291666666666666
182,0.3,7,0.7083333333333334
183,0.1,3,0.625
183,0.1,5,0.75
183,0.1,7,0.75
183,0.2,3,0.71875
183,0.2,5,0.8125
183,0.2,7,0.8125
183,0.25,3,0.675
183,0.25,5,0.725
183,0.25,7,0.775
183,0.3,3,0.6458333333333334
183,0.3,5,0.6458333333333334
183,0.3,7,0.7083333333333334
184,0.1,3,0.6875
184,0.1,5,0.625
184,0.1,7,0.75
184,0.2,3,0.65625
184,0.2,5,0.65625
184,0.2,7,0.6875
184,0.25,3,0.65
184,0.25,5,0.675
184,0.25,7,0.7
184,0.3,3,0.5625
184,0.3,5,0.6666666666666666
184,0.3,7,0.6875
185,0.1,3,0.6875
185,0.1,5,0.6875
185,0.1,7,0.625
185,0.2,3,0.59375
185,0.2,5,0.65625
185,0.2,7,0.6875
185,0.25,3,0.6
185,0.25,5,0.65
185,0.25,7,0.7
185,0.3,3,0.5833333333333334
185,0.3,5,0.6666666666666666
185,0.3,7,0.6458333333333334
186,0.1,3,0.5625
186,0.1,5,0.625
186,0.1,7,0.5
186,0.2,3,0.625
186,0.2,5,0.65625
186,0.2,7,0.625
186,0.25,3,0.6
186,0.25,5,0.65
186,0.25,7,0.7
186,0.3,3,0.6458333333333334
186,0.3,5,0.6458333333333334
186,0.3,7,0.7083333333333334
187,0.1,3,0.6875
187,0.1,5,0.625
187,0.1,7,0.75
187,0.2,3,0.65625
187,0.2,5,0.65625
187,0.2,7,0.6875
187,0.25,3,0.7
187,0.25,5,0.65
187,0.25,7,0.675
187,0.3,3,0.7291666666666666
187,0.3,5,0.7083333333333334
187,0.3,7,0.7291666666666666
188,0.1,3,0.5625
188,0.1,5,0.625
188,0.1,7,0.625
188,0.2,3,0.59375
188,0.2,5,0.59375
188,0.2,7,0.625
188,0.25,3,0.65
188,0.25,5,0.625
188,0.25,7,0.675
188,0.3,3,0.6875
188,0.3,5,0.6666666666666666
188,0.3,7,0.7083333333333334
189,0.1,3,0.375
189,0.1,5,0.5625
189,0.1,7,0.5
189,0.2,3,0.53125
189,0.2,5,0.6875
189,0.2,7,0.59375
189,0.25,3,0.575
189,0.25,5,0.65
189,0.25,7,0.625
189,0.3,3,0.625
189,0.3,5,0.6666666666666666
189,0.3,7,0.6458333333333334
190,0.1,3,0.75
190,0.1,5,0.8125
190,0.1,7,0.8125
190,0.2,3,0.71875
190,0.2,5,0.78125
190,0.2,7,0.71875
190,0.25,3,0.675
190,0.25,5,0.7
190,0.25,7,0.725
190,0.3,3,0.6458333333333334
190,0.3,5,0.6458333333333334
190,0.3,7,0.6875
191,0.1,3,0.5
191,0.1,5,0.6875
191,0.1,7,0.5625
191,0.2,3,0.625
191,0.2,5,0.75
191,0.2,7,0.59375
191,0.25,3,0.65
191,0.25,5,0.775
191,0.25,7,0.65
191,0.3,3,0.7083333333333334
191,0.3,5,0.7291666666666666
191,0.3,7,0.6458333333333334
192,0.1,3,0.625
192,0.1,5,0.625
192,0.1,7,0.75
192,0.2,3,0.6875
192,0.2,5,0.71875
192,0.2,7,0.75
192,0.25,3,0.675
192,0.25,5,0.725
192,0.25,7,0.725
192,0.3,3,0.625
192,0.3,5,0.6875
192,0.3,7,0.7291666666666666
193,0.1,3,0.5
193,0.1,5,0.375
193,0.1,7,0.4375
193,0.2,3,0.625
193,0.2,5,0.5625
193,0.2,7,0.625
193,0.25,3,0.625
193,0.25,5,0.575
193,0.25,7,0.6
193,0.3,3,0.6041666666666666
193,0.3,5,0.5833333333333334
193,0.3,7,0.6458333333333334
194,0.1,3,0.625
194,0.1,5,0.625
194,0.1,7,0.625
194,0.2,3,0.6875
194,0.2,5,0.71875
194,0.2,7,0.65625
194,0.25,3,0.675
194,0.25,5,0.675
194,0.25,7,0.625
194,0.3,3,0.7083333333333334
194,0.3,5,0.6666666666666666
194,0.3,7,0.6666666666666666
195,0.1,3,0.4375
195,0.1,5,0.5625
195,0.1,7,0.5625
195,0.2,3,0.5
195,0.2,5,0.53125
195,0.2,7,0.53125
195,0.25,3,0.625
195,0.25,5,0.6
195,0.25,7,0.6
195,0.3,3,0.6041666666666666
195,0.3,5,0.5833333333333334
195,0.3,7,0.6041666666666666
196,0.1,3,0.5
196,0.1,5,0.5
196,0.1,7,0.5
196,0.2,3,0.5
196,0.2,5,0.625
196,0.2,7,0.625
196,0.25,3,0.55
196,0.25,5,0.65
196,0.25,7,0.65
196,0.3,3,0.5416666666666666
196,0.3,5,0.625
196,0.3,7,0.6041666666666666
197,0.1,3,0.625
197,0.1,5,0.6875
197,0.1,7,0.8125
197,0.2,3,0.65625
197,0.2,5,0.65625
197,0.2,7,0.6875
197,0.25,3,0.7
197,0.25,5,0.725
197,0.25,7,0.725
197,0.3,3,0.6875
197,0.3,5,0.7083333333333334
197,0.3,7,0.7083333333333334
198,0.1,3,0.5
198,0.1,5,0.5625
198,0.1,7,0.625
198,0.2,3,0.625
198,0.2,5,0.5625
198,0.2,7,0.625
198,0.25,3,0.625
198,0.25,5,0.625
198,0.25,7,0.65
198,0.3,3,0.5625
198,0.3,5,0.6458333333333334
198,0.3,7,0.6458333333333334
199,0.1,3,0.5
199,0.1,5,0.625
199,0.1,7,0.625
199,0.2,3,0.59375
199,0.2,5,0.5625
199,0.2,7,0.59375
199,0.25,3,0.675
199,0.25,5,0.625
199,0.25,7,0.65
199,0.3,3,0.6666666666666666
199,0.3,5,0.625
199,0.3,7,0.6458333333333334
200,0.1,3,0.5
200,0.1,5,0.625
200,0.1,7,0.625
200,0.2,3,0.5
200,0.2,5,0.625
200,0.2,7,0.625
200,0.25,3,0.525
200,0.25,5,0.6
200,0.25,7,0.6
200,0.3,3,0.5625
200,0.3,5,0.6041666666666666
200,0.3,7,0.5833333333333334
201,0.1,3,0.6875
201,0.1,5,0.75
201,0.1,7,0.6875
201,0.2,3,0.59375
201,0.2,5,0.71875
201,0.2,7,0.71875
201,0.25,3,0.575
201,0.25,5,0.675
201,0.25,7,0.7
201,0.3,3,0.625
201,0.3,5,0.6875
201,0.3,7,0.7083333333333334
202,0.1,3,0.6875
202,0.1,5,0.8125
202,0.1,7,0.75
202,0.2,3,0.71875
202,0.2,5,0.75
202,0.2,7,0.71875
202,0.25,3,0.6
202,0.25,5,0.6
202,0.25,7,0.675
202,0.3,3,0.625
202,0.3,5,0.625
202,0.3,7,0.6875
203,0.1,3,0.5
203,0.1,5,0.5
203,0.1,7,0.375
203,0.2,3,0.625
203,0.2,5,0.59375
203,0.2,7,0.59375
203,0.25,3,0.65
203,0.25,5,0.65
203,0.25,7,0.65
203,0.3,3,0.6041666666666666
203,0.3,5,0.625
203,0.3,7,0.5833333333333334
204,0.1,3,0.625
204,0.1,5,0.75
204,0.1,7,0.75
204,0.2,3,0.6875
204,0.2,5,0.6875
204,0.2,7,0.71875
204,0.25,3,0.625
204,0.25,5,0.65
204,0.25,7,0.7
204,0.3,3,0.625
204,0.3,5,0.6041666666666666
204,0.3,7,0.6666666666666666
205,0.1,3,0.625
205,0.1,5,0.6875
205,0.1,7,0.6875
205,0.2,3,0.59375
205,0.2,5,0.65625
205,0.2,7,0.6875
205,0.25,3,0.575
205,0.25,5,0.7
205,0.25,7,0.7
205,0.3,3,0.6041666666666666
205,0.3,5,0.75
205,0.3,7,0.7291666666666666
206,0.1,3,0.625
206,0.1,5,0.6875
206,0.1,7,0.625
206,0.2,3,0.5625
206,0.2,5,0.59375
206,0.2,7,0.5625
206,0.25,3,0.55
206,0.25,5,0.575
206,0.25,7,0.55
206,0.3,3,0.5625
206,0.3,5,0.6041666666666666
206,0.3,7,0.5625
207,0.1,3,0.625
207,0.1,5,0.75
207,0.1,7,0.8125
207,0.2,3,0.5625
207,0.2,5,0.625
207,0.2,7,0.65625
207,0.25,3,0.55
207,0.25,5,0.625
207,0.25,7,0.675
207,0.3,3,0.5833333333333334
207,0.3,5,0.6458333333333334
207,0.3,7,0.7083333333333334
208,0.1,3,0.5
208,0.1,5,0.5625
208,0.1,7,0.5625
208,0.2,3,0.53125
208,0.2,5,0.59375
208,0.2,7,0.65625
208,0.25,3,0.5
208,0.25,5,0.55
208,0.25,7,0.625
208,0.3,3,0.5625
208,0.3,5,0.625
208,0.3,7,0.7083333333333334
209,0.1,3,0.75
209,0.1,5,0.75
209,0.1,7,0.8125
209,0.2,3,0.65625
209,0.2,5,0.65625
209,0.2,7,0.71875
209,0.25,3,0.625
209,0.25,5,0.65
209,0.25,7,0.7
209,0.3,3,0.6458333333333334
209,0.3,5,0.6666666666666666
209,0.3,7,0.7083333333333334
210,0.1,3,0.5625
210,0.1,5,0.5625
210,0.1,7,0.5625
210,0.2,3,0.59375
210,0.2,5,0.59375
210,0.2,7,0.65625
210,0.25,3,0.625
210,0.25,5,0.6
210,0.25,7,0.65
210,0.3,3,0.625
210,0.3,5,0.625
210,0.3,7,0.6875
211,0.1,3,0.75
211,0.1,5,0.8125
211,0.1,7,0.8125
211,0.2,3,0.75
211,0.2,5,0.75
211,0.2,7,0.78125
211,0.25,3,0.75
211,0.25,5,0.75
211,0.25,7,0.75
211,0.3,3,0.7708333333333334
211,0.3,5,0.7916666666666666
211,0.3,7,0.8125
212,0.1,3,0.5625
212,0.1,5,0.75
212,0.1,7,0.75
212,0.2,3,0.625
212,0.2,5,0.71875
212,0.2,7,0.71875
212,0.25,3,0.575
212,0.25,5,0.7
212,0.25,7,0.7
212,0.3,3,0.5833333333333334
212,0.3,5,0.6666666666666666
212,0.3,7,0.6666666666666666
213,0.1,3,0.6875
213,0.1,5,0.875
213,0.1,7,0.9375
213,0.2,3,0.6875
213,0.2,5,0.8125
213,0.2,7,0.8125
213,0.25,3,0.65
213,0.25,5,0.75
213,0.25,7,0.775
213,0.3,3,0.6041666666666666
213,0.3,5,0.75
213,0.3,7,0.7291666666666666
214,0.1,3,0.5625
214,0.1,5,0.625
214,0.1,7,0.625
214,0.2,3,0.65625
214,0.2,5,0.625
214,0.2,7,0.59375
214,0.25,3,0.7
214,0.25,5,0.65
214,0.25,7,0.675
214,0.3,3,0.7083333333333334
214,0.3,5,0.6458333333333334
214,0.3,7,0.625
215,0.1,3,0.5625
215,0.1,5,0.5625
215,0.1,7,0.5625
215,0.2,3,0.5
215,0.2,5,0.5
215,0.2,7,0.5625
215,0.25,3,0.55
215,0.25,5,0.55
215,0.25,7,0.625
215,0.3,3,0.5833333333333334
215,0.3,5,0.6041666666666666
215,0.3,7,0.6458333333333334
216,0.1,3,0.6875
216,0.1,5,0.75
216,0.1,7,0.875
216,0.2,3,0.65625
216,0.2,5,0.78125
216,0.2,7,0.78125
216,0.25,3,0.65
216,0.25,5,0.75
216,0.25,7,0.75
216,0.3,3,0.6875
216,0.3,5,0.75
216,0.3,7,0.7291666666666666
217,0.1,3,0.625
217,0.1,5,0.5625
217,0.1,7,0.625
217,0.2,3,0.59375
217,0.2,5,0.59375
217,0.2,7,0.625
217,0.25,3,0.55
217,0.25,5,0.55
217,0.25,7,0.55
217,0.3,3,0.6458333333333334
217,0.3,5,0.6041666666666666
217,0.3,7,0.6041666666666666
218,0.1,3,0.625
218,0.1,5,0.6875
218,0.1,7,0.6875
218,0.2,3,0.5625
218,0.2,5,0.59375
218,0.2,7,0.625
218,0.25,3,0.5
218,0.25,5,0.55
218,0.25,7,0.6
218,0.3,3,0.5208333333333334
218,0.3,5,0.625
218,0.3,7,0.6666666666666666
219,0.1,3,0.6875
219,0.1,5,0.8125
219,0.1,7,0.75
219,0.2,3,0.65625
219,0.2,5,0.71875
219,0.2,7,0.6875
219,0.25,3,0.675
219,0.25,5,0.75
219,0.25,7,0.725
219,0.3,3,0.6458333333333334
219,0.3,5,0.6875
219,0.3,7,0.7083333333333334
220,0.1,3,0.6875
220,0.1,5,0.6875
220,0.1,7,0.8125
220,0.2,3,0.625
220,0.2,5,0.6875
220,0.2,7,0.75
220,0.25,3,0.65
220,0.25,5,0.675
220,0.25,7,0.725
220,0.3,3,0.6458333333333334
220,0.3,5,0.6666666666666666
220,0.3,7,0.75
221,0.1,3,0.625
221,0.1,5,0.6875
221,0.1,7,0.625
221,0.2,3,0.6875
221,0.2,5,0.75
221,0.2,7,0.71875
221,0.25,3,0.625
221,0.25,5,0.675
221,0.25,7,0.675
221,0.3,3,0.6875
221,0.3,5,0.6666666666666666
221,0.3,7,0.6875
222,0.1,3,0.625
222,0.1,5,0.625
222,0.1,7,0.5
222,0.2,3,0.5625
222,0.2,5,0.65625
222,0.2,7,0.625
222,0.25,3,0.525
222,0.25,5,0.65
222,0.25,7,0.55
222,0.3,3,0.5625
222,0.3,5,0.6666666666666666
222,0.3,7,0.6041666666666666
223,0.1,3,0.625
223,0.1,5,0.6875
223,0.1,7,0.6875
223,0.2,3,0.625
223,0.2,5,0.78125
223,0.2,7,0.75
223,0.25,3,0.6
223,0.25,5,0.75
223,0.25,7,0.7
223,0.3,3,0.625
223,0.3,5,0.7291666666666666
223,0.3,7,0.7083333333333334
224,0.1,3,0.6875
224,0.1,5,0.6875
224,0.1,7,0.75
224,0.2,3,0.71875
224,0.2,5,0.6875
224,0.2,7,0.6875
224,0.25,3,0.675
224,0.25,5,0.675
224,0.25,7,0.675
224,0.3,3,0.6458333333333334
224,0.3,5,0.6458333333333334
224,0.3,7,0.6041666666666666
225,0.1,3,0.625
225,0.1,5,0.6875
225,0.1,7,0.625
225,0.2,3,0.625
225,0.2,5,0.71875
225,0.2,7,0.6875
225,0.25,3,0.6
225,0.25,5,0.65
225,0.25,7,0.675
225,0.3,3,0.5833333333333334
225,0.3,5,0.6041666666666666
225,0.3,7,0.6041666666666666
226,0.1,3,0.625
226,0.1,5,0.625
226,0.1,7,0.625
226,0.2,3,0.65625
226,0.2,5,0.6875
226,0.2,7,0.71875
226,0.25,3,0.65
226,0.25,5,0.675
226,0.25,7,0.725
226,0.3,3,0.6458333333333334
226,0.3,5,0.6666666666666666
226,0.3,7,0.7083333333333334
227,0.1,3,0.5625
227,0.1,5,0.6875
227,0.1,7,0.75
227,0.2,3,0.65625
227,0.2,5,0.65625
227,0.2,7,0.6875
227,0.25,3,0.675
227,0.25,5,0.65
227,0.25,7,0.675
227,0.3,3,0.6458333333333334
227,0.3,5,0.6458333333333334
227,0.3,7,0.6666666666666666
228,0.1,3,0.625
228,0.1,5,0.625
228,0.1,7,0.5625
228,0.2,3,0.5625
228,0.2,5,0.65625
228,0.2,7,0.65625
228,0.25,3,0.575
228,0.25,5,0.65
228,0.25,7,0.65
228,0.3,3,0.5625
228,0.3,5,0.6041666666666666
228,0.3,7,0.6041666666666666
229,0.1,3,0.5625
229,0.1,5,0.5
229,0.1,7,0.5625
229,0.2,3,0.65625
229,0.2,5,0.65625
229,0.2,7,0.65625
229,0.25,3,0.6
229,0.25,5,0.625
229,0.25,7,0.625
229,0.3,3,0.625
229,0.3,5,0.6458333333333334
229,0.3,7,0.7083333333333334
230,0.1,3,0.6875
230,0.1,5,0.6875
230,0.1,7,0.6875
230,0.2,3,0.65625
230,0.2,5,0.625
230,0.2,7,0.65625
230,0.25,3,0.625
230,0.25,5,0.625
230,0.25,7,0.65
230,0.3,3,0.6875
230,0.3,5,0.7291666666666666
230,0.3,7,0.7291666666666666
231,0.1,3,0.75
231,0.1,5,0.8125
231,0.1,7,0.8125
231,0.2,3,0.75
231,0.2,5,0.8125
231,0.2,7,0.78125
231,0.25,3,0.775
231,0.25,5,0.8
231,0.25,7,0.775
231,0.3,3,0.6875
231,0.3,5,0.7083333333333334
231,0.3,7,0.7083333333333334
232,0.1,3,0.625
232,0.1,5,0.625
232,0.1,7,0.75
232,0.2,3,0.5625
232,0.2,5,0.5
232,0.2,7,0.65625
232,0.25,3,0.55
232,0.25,5,0.55
232,0.25,7,0.675
232,0.3,3,0.5625
232,0.3,5,0.5625
232,0.3,7,0.6666666666666666
233,0.1,3,0.6875
233,0.1,5,0.6875
233,0.1,7,0.6875
233,0.2,3,0.65625
233,0.2,5,0.71875
233,0.2,7,0.71875
233,0.25,3,0.675
233,0.25,5,0.725
233,0.25,7,0.775
233,0.3,3,0.6458333333333334
233,0.3,5,0.7291666666666666
233,0.3,7,0.75
234,0.1,3,0.5625
234,0.1,5,0.625
234,0.1,7,0.75
234,0.2,3,0.59375
234,0.2,5,0.75
234,0.2,7,0.75
234,0.25,3,0.6
234,0.25,5,0.75
234,0.25,7,0.75
234,0.3,3,0.5833333333333334
234,0.3,5,0.6458333333333334
234,0.3,7,0.6875
235,0.1,3,0.75
235,0.1,5,0.75
235,0.1,7,0.8125
235,0.2,3,0.6875
235,0.2,5,0.75
235,0.2,7,0.8125
235,0.25,3,0.625
235,0.25,5,0.775
235,0.25,7,0.775
235,0.3,3,0.6458333333333334
235,0.3,5,0.7083333333333334
235,0.3,7,0.75
236,0.1,3,0.8125
236,0.1,5,0.8125
236,0.1,7,0.875
236,0.2,3,0.84375
236,0.2,5,0.8125
236,0.2,7,0.84375
236,0.25,3,0.7
236,0.25,5,0.775
236,0.25,7,0.725
236,0.3,3,0.6458333333333334
236,0.3,5,0.7291666666666666
236,0.3,7,0.75
237,0.1,3,0.5
237,0.1,5,0.5
237,0.1,7,0.5
237,0.2,3,0.59375
237,0.2,5,0.59375
237,0.2,7,0.6875
237,0.25,3,0.6
237,0.25,5,0.575
237,0.25,7,0.625
237,0.3,3,0.6458333333333334
237,0.3,5,0.625
237,0.3,7,0.6666666666666666
238,0.1,3,0.6875
238,0.1,5,0.8125
238,0.1,7,0.75
238,0.2,3,0.59375
238,0.2,5,0.6875
238,0.2,7,0.78125
238,0.25,3,0.575
238,0.25,5,0.625
238,0.25,7,0.7
238,0.3,3,0.6041666666666666
238,0.3,5,0.6458333333333334
238,0.3,7,0.6666666666666666
239,0.1,3,0.5
239,0.1,5,0.375
239,0.1,7,0.4375
239,0.2,3,0.5
239,0.2,5,0.5
239,0.2,7,0.59375
239,0.25,3,0.525
239,0.25,5,0.525
239,0.25,7,0.6
239,0.3,3,0.6041666666666666
239,0.3,5,0.5833333333333334
239,0.3,7,0.6041666666666666
240,0.1,3,0.8125
240,0.1,5,0.875
240,0.1,7,0.875
240,0.2,3,0.6875
240,0.2,5,0.8125
240,0.2,7,0.78125
240,0.25,3,0.65
240,0.25,5,0.775
240,0.25,7,0.75
240,0.3,3,0.6458333333333334
240,0.3,5,0.7291666666666666
240,0.3,7,0.7291666666666666
241,0.1,3,0.5
241,0.1,5,0.625
241,0.1,7,0.5625
241,0.2,3,0.53125
241,0.2,5,0.53125
241,0.2,7,0.5625
241,0.25,3,0.55
241,0.25,5,0.55
241,0.25,7,0.55
241,0.3,3,0.6041666666666666
241,0.3,5,0.5833333333333334
241,0.3,7,0.5625
242,0.1,3,0.5
242,0.1,5,0.5625
242,0.1,7,0.5625
242,0.2,3,0.59375
242,0.2,5,0.625
242,0.2,7,0.59375
242,0.25,3,0.675
242,0.25,5,0.675
242,0.25,7,0.65
242,0.3,3,0.6666666666666666
242,0.3,5,0.6666666666666666
242,0.3,7,0.6666666666666666
243,0.1,3,0.6875
243,0.1,5,0.75
243,0.1,7,0.8125
243,0.2,3,0.625
243,0.2,5,0.625
243,0.2,7,0.53125
243,0.25,3,0.625
243,0.25,5,0.625
243,0.25,7,0.6
243,0.3,3,0.5833333333333334
243,0.3,5,0.6041666666666666
243,0.3,7,0.5833333333333334
244,0.1,3,0.4375
244,0.1,5,0.4375
244,0.1,7,0.4375
244,0.2,3,0.53125
244,0.2,5,0.5625
244,0.2,7,0.5625
244,0.25,3,0.525
244,0.25,5,0.625
244,0.25,7,0.6
244,0.3,3,0.5416666666666666
244,0.3,5,0.625
244,0.3,7,0.6041666666666666
245,0.1,3,0.6875
245,0.1,5,0.75
245,0.1,7,0.8125
245,0.2,3,0.625
245,0.2,5,0.6875
245,0.2,7,0.71875
245,0.25,3,0.6
245,0.25,5,0.675
245,0.25,7,0.675
245,0.3,3,0.625
245,0.3,5,0.6458333333333334
245,0.3,7,0.6875
246,0.1,3,0.5
246,0.1,5,0.5
246,0.1,7,0.6875
246,0.2,3,0.5625
246,0.2,5,0.53125
246,0.2,7,0.59375
246,0.25,3,0.55
246,0.25,5,0.55
246,0.25,7,0.65
246,0.3,3,0.5416666666666666
246,0.3,5,0.5833333333333334
246,0.3,7,0.6458333333333334
247,0.1,3,0.5625
247,0.1,5,0.625
247,0.1,7,0.625
247,0.2,3,0.53125
247,0.2,5,0.6875
247,0.2,7,0.65625
247,0.25,3,0.55
247,0.25,5,0.675
247,0.25,7,0.65
247,0.3,3,0.5416666666666666
247,0.3,5,0.625
247,0.3,7,0.6041666666666666
248,0.1,3,0.5
248,0.1,5,0.5625
248,0.1,7,0.6875
248,0.2,3,0.59375
248,0.2,5,0.65625
248,0.2,7,0.65625
248,0.25,3,0.6
248,0.25,5,0.65
248,0.25,7,0.675
248,0.3,3,0.5833333333333334
248,0.3,5,0.6458333333333334
248,0.3,7,0.6458333333333334
249,0.1,3,0.6875
249,0.1,5,0.625
249,0.1,7,0.6875
249,0.2,3,0.625
249,0.2,5,0.6875
249,0.2,7,0.75
249,0.25,3,0.6
249,0.25,5,0.65
249,0.25,7,0.7
249,0.3,3,0.5833333333333334
249,0.3,5,0.5625
249,0.3,7,0.625